Subject ID	Accession	Description	Oligo 1 (FOR)	Oligo 2(REV)	Oligo 1(E-val)	Oligo 1(Query Percent)	Oligo 1(Start Location)	Oligo 1(End Location	Oligo 2(E-val)	Oligo 2(Query Percent)	Oligo 2(Start Location	Oligo 2(End Location
1853	ZNF695	zinc finger protein 695	FOR_HCV-3a(+)25	REV_HCV-3a(-)371	3.80E+03	52.94	45133	45141	5.77E+03	59.09	47887	47900
11982	LOC728715	ovostatin homolog 2-like	FOR_HCV-3a(+)25	REV_HCV-3a(-)371	3.80E+03	52.94	3815	3823	1.46E+03	50	4291	4301
15	PLEKHN1	pleckstrin homology domain containing, family N member 1	FOR_HCV-3a(+)25	REV_HCV-3a(-)371	3.80E+03	52.94	5695	5703	1.46E+03	50	5803	5813
10510	LGI1	leucine-rich, glioma inactivated 1	FOR_HCV-3a(+)25	REV_HCV-3a(-)345	9.61E+02	58.82	16675	16684	4.81E+03	61.9	19017	19030
18952	FAM47B	family with sequence similarity 47, member B	FOR_HCV-3a(+)25	REV_HCV-3a(-)394	3.80E+03	52.94	32	40	7.38E+03	47.37	52	60
11269	SCGB2A1	secretoglobin, family 2A, member 1	FOR_HCV-3a(+)25	REV_HCV-3a(-)345	2.43E+02	64.71	4827	4837	4.81E+03	47.62	5227	5236
15462	CCT6B	chaperonin containing TCP1, subunit 6B (zeta 2)	FOR_HCV-3a(+)25	REV_HCV-3a(-)371	3.80E+03	52.94	20631	20639	3.69E+02	54.55	21589	21600
19399	MMGT1	membrane magnesium transporter 1	FOR_HCV-3a(+)25	REV_HCV-3a(-)371	3.80E+03	52.94	8067	8075	5.77E+03	45.45	10351	10360
19397	CT45A6	cancer/testis antigen family 45, member A6	FOR_HCV-3a(+)25	REV_HCV-3a(-)371	3.80E+03	52.94	4953	4961	1.46E+03	50	7416	7426
19396	CT45A5	cancer/testis antigen family 45, member A5	FOR_HCV-3a(+)25	REV_HCV-3a(-)371	3.80E+03	52.94	5267	5275	1.46E+03	50	7730	7740
19395	CT45A4	cancer/testis antigen family 45, member A4	FOR_HCV-3a(+)25	REV_HCV-3a(-)371	3.80E+03	52.94	4958	4966	1.46E+03	50	7425	7435
15053	LOC100289580	uncharacterized LOC100289580	FOR_HCV-3a(+)25	REV_HCV-3a(-)394	3.80E+03	52.94	6731	6739	7.38E+03	47.37	7678	7686
13083	LOC100507566		FOR_HCV-3a(+)25	REV_HCV-3a(-)345	3.80E+03	52.94	6722	6730	4.81E+03	61.9	7119	7132
344	ZNF683	zinc finger protein 683	FOR_HCV-3a(+)25	REV_HCV-3a(-)371	3.80E+03	52.94	7665	7673	1.46E+03	50	10120	10130
19404	HTATSF1	HIV-1 Tat specific factor 1	FOR_HCV-3a(+)25	REV_HCV-3a(-)394	9.61E+02	58.82	10550	10559	7.38E+03	47.37	11722	11730
8801	ERLIN2	ER lipid raft associated 2	FOR_HCV-3a(+)25	REV_HCV-3a(-)371	3.80E+03	52.94	6170	6178	5.77E+03	45.45	6472	6481
15610	RAB5C	RAB5C, member RAS oncogene family	FOR_HCV-3a(+)25	REV_HCV-3a(-)371	3.80E+03	52.94	18433	18441	1.46E+03	63.64	19999	20013
18676	APOBEC3H	apolipoprotein B mRNA editing enzyme, catalytic polypeptide-like 3H	FOR_HCV-3a(+)25	REV_HCV-3a(-)371	3.80E+03	52.94	5838	5846	5.77E+03	45.45	6262	6271
2917	CREB1	cAMP responsive element binding protein 1	FOR_HCV-3a(+)25	REV_HCV-3a(-)345	3.80E+03	52.94	18811	18819	3.08E+02	57.14	20670	20681
17440	SIGLEC9	sialic acid binding Ig-like lectin 9	FOR_HCV-3a(+)25	REV_HCV-3a(-)371	3.80E+03	52.94	8468	8476	1.46E+03	50	8515	8525
2856	LOC100288092		FOR_HCV-3a(+)7	REV_HCV-3a(-)371	1.14E+04	47.37	2319	2327	5.77E+03	45.45	2355	2364
14219	EFTUD1	elongation factor Tu GTP binding domain containing 1	FOR_HCV-3a(+)25	REV_HCV-3a(-)345	3.80E+03	52.94	128987	128995	1.22E+03	66.67	130951	130965
5467	EGR1	early growth response 1	FOR_HCV-3a(+)25	REV_HCV-3a(-)371	9.61E+02	58.82	350	359	1.46E+03	50	2622	2632
5263	TMEM167A	transmembrane protein 167A	FOR_HCV-3a(+)25	REV_HCV-3a(-)371	3.80E+03	52.94	23753	23761	1.46E+03	50	24066	24076
5300	ERAP1	endoplasmic reticulum aminopeptidase 1	FOR_HCV-3a(+)25	REV_HCV-3a(-)371	3.80E+03	52.94	42912	42920	3.69E+02	54.55	43106	43117
14184	ACSBG1	acyl-CoA synthetase bubblegum family member 1	FOR_HCV-3a(+)25	REV_HCV-3a(-)371	3.80E+03	52.94	54753	54761	1.46E+03	63.64	56078	56092
16174	POTEC	POTE ankyrin domain family, member C	FOR_HCV-3a(+)25	REV_HCV-3a(-)371	3.80E+03	52.94	29437	29445	1.46E+03	50	31758	31768
4304	LOC643446	RNA binding protein S1, serine-rich domain pseudogene 1	FOR_HCV-3a(+)25	REV_HCV-3a(-)345	3.80E+03	52.94	1683	1691	4.81E+03	47.62	2667	2676
17650	MGC2752	CENPB DNA-binding domains containing 1 pseudogene	FOR_HCV-3a(+)25	REV_HCV-3a(-)371	3.80E+03	52.94	2176	2184	3.69E+02	68.18	3592	3607
1082	SF3B4	splicing factor 3b, subunit 4, 49kDa	FOR_HCV-3a(+)25	REV_HCV-3a(-)371	3.80E+03	52.94	893	901	5.77E+03	59.09	3694	3707
17559	FAM71E2	family with sequence similarity 71, member E2	FOR_HCV-3a(+)25	REV_HCV-3a(-)371	3.80E+03	52.94	1238	1246	5.77E+03	45.45	1318	1327
8234	SLC12A9	solute carrier family 12 (potassium/chloride transporters), member 9	FOR_HCV-3a(+)25	REV_HCV-3a(-)371	3.80E+03	52.94	3708	3716	1.46E+03	63.64	5199	5213
15922	FAM104A	family with sequence similarity 104, member A	FOR_HCV-3a(+)25	REV_HCV-3a(-)394	3.80E+03	52.94	15199	15207	7.38E+03	47.37	17683	17691
14456	MEFV	Mediterranean fever	FOR_HCV-3a(+)25	REV_HCV-3a(-)394	3.80E+03	52.94	3389	3397	7.38E+03	47.37	4479	4487
14454	CASP14L	caspase 16, apoptosis-related cysteine peptidase (putative)	FOR_HCV-3a(+)25	REV_HCV-3a(-)345	3.80E+03	52.94	2327	2335	1.22E+03	52.38	3821	3831
16705	ZNF878	zinc finger protein 878	FOR_HCV-3a(+)25	REV_HCV-3a(-)371	3.80E+03	52.94	4803	4811	5.77E+03	45.45	6036	6045
2826	NAB1	NGFI-A binding protein 1 (EGR1 binding protein 1)	FOR_HCV-3a(+)25	REV_HCV-3a(-)394	3.80E+03	52.94	30554	30562	7.38E+03	52.63	32530	32540
17980	MATN4	matrilin 4	FOR_HCV-3a(+)25	REV_HCV-3a(-)345	9.61E+02	58.82	13472	13481	4.81E+03	47.62	13696	13705
17981	RBPJL	recombination signal binding protein for immunoglobulin kappa J region-like	FOR_HCV-3a(+)25	REV_HCV-3a(-)345	9.61E+02	58.82	68	77	4.81E+03	47.62	292	301
2988	ABCB6	ATP-binding cassette, sub-family B (MDR/TAP), member 6	FOR_HCV-3a(+)25	REV_HCV-3a(-)371	3.80E+03	52.94	2367	2375	5.77E+03	45.45	3619	3628
2544	TFCP2L1	transcription factor CP2-like 1	FOR_HCV-3a(+)25	REV_HCV-3a(-)371	3.80E+03	52.94	62192	62200	3.69E+02	54.55	62238	62249
1019	FCGR1B	Fc fragment of IgG, high affinity Ib, receptor (CD64)	FOR_HCV-3a(+)25	REV_HCV-3a(-)371	3.80E+03	52.94	2867	2875	1.46E+03	50	4017	4027
15953	ATP5H	ATP synthase, H+ transporting, mitochondrial Fo complex, subunit d	FOR_HCV-3a(+)25	REV_HCV-3a(-)394	3.80E+03	52.94	4527	4535	7.38E+03	47.37	6430	6438
12590	SART3	squamous cell carcinoma antigen recognized by T cells 3	FOR_HCV-3a(+)25	REV_HCV-3a(-)345	3.80E+03	52.94	30969	30977	4.81E+03	61.9	32375	32388
13868	LOC729082	OIP5 antisense RNA 1	FOR_HCV-3a(+)25	REV_HCV-3a(-)345	3.80E+03	52.94	13217	13225	4.81E+03	47.62	15406	15415
4192	LOC100507086	DLG1 antisense RNA 1	FOR_HCV-3a(+)25	REV_HCV-3a(-)371	3.80E+03	52.94	2396	2404	5.77E+03	45.45	2699	2708
9841	FPGS	folylpolyglutamate synthase	FOR_HCV-3a(+)25	REV_HCV-3a(-)371	3.80E+03	52.94	3009	3017	5.77E+03	45.45	5244	5253
18461	LOC284861	uncharacterized LOC284861	FOR_HCV-3a(+)25	REV_HCV-3a(-)345	3.80E+03	52.94	3429	3437	4.81E+03	47.62	6305	6314
5776	ADAMTS2	ADAM metallopeptidase with thrombospondin type 1 motif, 2	FOR_HCV-3a(+)7	REV_HCV-3a(-)394	2.88E+03	68.42	20172	20185	4.28E+02	63.16	21348	21360
11000	TPH1	tryptophan hydroxylase 1	FOR_HCV-3a(+)25	REV_HCV-3a(-)371	3.80E+03	52.94	8303	8311	2.37E+01	63.64	10545	10558
13332	RPL36AL	ribosomal protein L36a-like	FOR_HCV-3a(+)25	REV_HCV-3a(-)371	3.80E+03	52.94	104	112	5.77E+03	45.45	1427	1436
13566	CEP128	centrosomal protein 128kDa	FOR_HCV-3a(+)25	REV_HCV-3a(-)345	9.61E+02	76.47	377116	377129	4.81E+03	61.9	378884	378897
15042	LOC400553	uncharacterized LOC400553	FOR_HCV-3a(+)7	REV_HCV-3a(-)394	7.30E+02	57.89	114	124	7.38E+03	47.37	1498	1506
12080	LOC645177	uncharacterized LOC645177	FOR_HCV-3a(+)25	REV_HCV-3a(-)371	9.61E+02	58.82	11628	11637	5.77E+03	59.09	13470	13483
11262	FADS3	fatty acid desaturase 3	FOR_HCV-3a(+)25	REV_HCV-3a(-)371	3.80E+03	52.94	10878	10886	5.77E+03	45.45	12487	12496
10637	USMG5	up-regulated during skeletal muscle growth 5 homolog (mouse)	FOR_HCV-3a(+)25	REV_HCV-3a(-)371	3.80E+03	52.94	509	517	5.77E+03	45.45	1277	1286
5798	TRIM7	tripartite motif containing 7	FOR_HCV-3a(+)7	REV_HCV-3a(-)394	1.14E+04	47.37	1186	1194	7.38E+03	47.37	3486	3494
432	RNF19B	ring finger protein 19B	FOR_HCV-3a(+)25	REV_HCV-3a(-)345	3.80E+03	52.94	845	853	4.81E+03	47.62	2965	2974
11619	MMP12	matrix metallopeptidase 12 (macrophage elastase)	FOR_HCV-3a(+)25	REV_HCV-3a(-)345	3.80E+03	52.94	5267	5275	4.81E+03	47.62	6650	6659
14036	FAM96A	family with sequence similarity 96, member A	FOR_HCV-3a(+)25	REV_HCV-3a(-)345	3.80E+03	52.94	7599	7607	4.81E+03	47.62	9479	9488
11947	CLSTN3	calsyntenin 3	FOR_HCV-3a(+)25	REV_HCV-3a(-)371	3.80E+03	52.94	16756	16764	5.77E+03	45.45	18850	18859
2619	MCM6	minichromosome maintenance complex component 6	FOR_HCV-3a(+)25	REV_HCV-3a(-)371	9.61E+02	58.82	24259	24268	1.46E+03	50	24307	24317
11345	C11orf2	vacuolar protein sorting 51 homolog (S. cerevisiae)	FOR_HCV-3a(+)25	REV_HCV-3a(-)371	3.80E+03	52.94	8964	8972	5.77E+03	45.45	11371	11380
8460	KIAA1549	KIAA1549	FOR_HCV-3a(+)25	REV_HCV-3a(-)345	2.43E+02	64.71	142042	142052	1.22E+03	66.67	143615	143629
10026	C9orf37	chromosome 9 open reading frame 37	FOR_HCV-3a(+)25	REV_HCV-3a(-)345	3.80E+03	52.94	2127	2135	4.81E+03	47.62	2692	2701
11348	SYVN1	synovial apoptosis inhibitor 1, synoviolin	FOR_HCV-3a(+)25	REV_HCV-3a(-)345	3.80E+03	52.94	5161	5169	4.81E+03	47.62	5342	5351
857	PALMD	palmdelphin	FOR_HCV-3a(+)25	REV_HCV-3a(-)371	3.80E+03	52.94	32035	32043	1.46E+03	50	32952	32962
7267	PRSS35	protease, serine, 35	FOR_HCV-3a(+)25	REV_HCV-3a(-)371	3.80E+03	52.94	5856	5864	5.77E+03	45.45	7158	7167
12338	ATP5B	ATP synthase, H+ transporting, mitochondrial F1 complex, beta polypeptide	FOR_HCV-3a(+)25	REV_HCV-3a(-)345	3.80E+03	52.94	5335	5343	4.81E+03	47.62	6108	6117
3890	ESYT3	extended synaptotagmin-like protein 3	FOR_HCV-3a(+)25	REV_HCV-3a(-)371	3.80E+03	52.94	9950	9958	5.77E+03	59.09	10912	10925
16108	LINC00470	long intergenic non-protein coding RNA 470	FOR_HCV-3a(+)25	REV_HCV-3a(-)371	3.80E+03	52.94	86639	86647	5.77E+03	59.09	89122	89135
18206	ADAMTS1	ADAM metallopeptidase with thrombospondin type 1 motif, 1	FOR_HCV-3a(+)25	REV_HCV-3a(-)345	3.80E+03	52.94	4967	4975	4.81E+03	47.62	7785	7794
16101	COLEC12	collectin sub-family member 12	FOR_HCV-3a(+)25	REV_HCV-3a(-)394	2.43E+02	64.71	104872	104882	7.38E+03	68.42	106688	106702
6805	FAM8A1	family with sequence similarity 8, member A1	FOR_HCV-3a(+)25	REV_HCV-3a(-)371	3.80E+03	52.94	10118	10126	5.77E+03	45.45	10430	10439
1434	PAPPA2	pappalysin 2	FOR_HCV-3a(+)25	REV_HCV-3a(-)345	6.16E+01	70.59	141304	141315	7.79E+01	76.19	144198	144214
16607	MAP2K7	mitogen-activated protein kinase kinase 7	FOR_HCV-3a(+)25	REV_HCV-3a(-)394	3.80E+03	52.94	2780	2788	7.38E+03	47.37	3857	3865
7004	LOC100507584	uncharacterized LOC100507584	FOR_HCV-3a(+)25	REV_HCV-3a(-)371	3.80E+03	52.94	5651	5659	5.77E+03	45.45	6252	6261
13884	PLA2G4D	phospholipase A2, group IVD (cytosolic)	FOR_HCV-3a(+)25	REV_HCV-3a(-)371	3.80E+03	52.94	5389	5397	1.46E+03	50	8026	8036
11853	THYN1	thymocyte nuclear protein 1	FOR_HCV-3a(+)25	REV_HCV-3a(-)371	3.80E+03	70.59	887	899	5.77E+03	45.45	2009	2018
4078	KLHL6	kelch-like 6 (Drosophila)	FOR_HCV-3a(+)25	REV_HCV-3a(-)345	3.80E+03	52.94	61559	61567	3.08E+02	57.14	62498	62509
13765	PAR1	Prader-Willi/Angelman region-1	FOR_HCV-3a(+)25	REV_HCV-3a(-)345	3.80E+03	52.94	1205	1213	4.81E+03	47.62	2315	2324
14818	MMP15	matrix metallopeptidase 15 (membrane-inserted)	FOR_HCV-3a(+)7	REV_HCV-3a(-)394	1.14E+04	47.37	825	833	7.38E+03	47.37	3377	3385
2863	KCTD18	potassium channel tetramerisation domain containing 18	FOR_HCV-3a(+)25	REV_HCV-3a(-)345	3.80E+03	52.94	12978	12986	4.81E+03	47.62	14812	14821
12190	RHEBL1	Ras homolog enriched in brain like 1	FOR_HCV-3a(+)25	REV_HCV-3a(-)371	3.80E+03	52.94	884	892	1.46E+03	50	931	941
14492	GLYR1	glyoxylate reductase 1 homolog (Arabidopsis)	FOR_HCV-3a(+)25	REV_HCV-3a(-)345	3.80E+03	52.94	42506	42514	4.81E+03	61.9	42739	42752
7674	LOC389831	uncharacterized LOC389831	FOR_HCV-3a(+)25	REV_HCV-3a(-)345	3.80E+03	52.94	6547	6555	4.81E+03	47.62	8741	8750
15666	SLC25A39	solute carrier family 25, member 39	FOR_HCV-3a(+)25	REV_HCV-3a(-)345	3.80E+03	52.94	1828	1836	4.81E+03	47.62	3963	3972
5458	WNT8A	wingless-type MMTV integration site family, member 8A	FOR_HCV-3a(+)25	REV_HCV-3a(-)345	3.80E+03	52.94	2725	2733	4.81E+03	47.62	3948	3957
2347	FABP1	fatty acid binding protein 1, liver	FOR_HCV-3a(+)25	REV_HCV-3a(-)345	3.80E+03	52.94	3256	3264	4.81E+03	47.62	4362	4371
3341	ENTPD3	ectonucleoside triphosphate diphosphohydrolase 3	FOR_HCV-3a(+)25	REV_HCV-3a(-)371	3.80E+03	52.94	23034	23042	9.35E+01	59.09	25402	25414
17949	LPIN3	lipin 3	FOR_HCV-3a(+)7	REV_HCV-3a(-)345	2.88E+03	52.63	12090	12099	4.81E+03	47.62	13577	13586
1692	LOC643723	uncharacterized LOC643723	FOR_HCV-3a(+)25	REV_HCV-3a(-)345	3.80E+03	52.94	57005	57013	4.81E+03	61.9	57754	57767
10930	LOC283299	uncharacterized LOC283299	FOR_HCV-3a(+)25	REV_HCV-3a(-)371	9.61E+02	58.82	34516	34525	5.77E+03	59.09	36868	36881
1752	GUK1	guanylate kinase 1	FOR_HCV-3a(+)7	REV_HCV-3a(-)394	1.14E+04	47.37	1432	1440	7.38E+03	47.37	3257	3265
9448	RG9MTD3	tRNA methyltransferase 10 homolog B (S. cerevisiae)	FOR_HCV-3a(+)25	REV_HCV-3a(-)371	3.80E+03	52.94	2677	2685	1.46E+03	50	5007	5017
4251	SH3BP2	SH3-domain binding protein 2	FOR_HCV-3a(+)25	REV_HCV-3a(-)345	2.43E+02	64.71	38857	38867	1.22E+03	66.67	39466	39480
3709	CD200R1	CD200 receptor 1	FOR_HCV-3a(+)25	REV_HCV-3a(-)345	9.61E+02	58.82	9485	9494	3.08E+02	57.14	12439	12450
17665	FAM110A	family with sequence similarity 110, member A	FOR_HCV-3a(+)25	REV_HCV-3a(-)394	3.80E+03	52.94	9655	9663	1.78E+03	52.63	12003	12012
3700	GCET2	germinal center-associated, signaling and motility	FOR_HCV-3a(+)7	REV_HCV-3a(-)371	2.88E+03	52.63	5630	5639	1.46E+03	50	8077	8087
16446	MUM1	melanoma associated antigen (mutated) 1	FOR_HCV-3a(+)25	REV_HCV-3a(-)345	3.80E+03	52.94	12007	12015	4.81E+03	47.62	14560	14569
8764	C8orf80	nuclear GTPase, germinal center associated	FOR_HCV-3a(+)25	REV_HCV-3a(-)371	9.61E+02	58.82	13637	13646	9.35E+01	59.09	15740	15752
7183	MCM3	minichromosome maintenance complex component 3	FOR_HCV-3a(+)25	REV_HCV-3a(-)371	9.61E+02	58.82	10626	10635	5.77E+03	45.45	11510	11519
681	CYP2J2	cytochrome P450, family 2, subfamily J, polypeptide 2	FOR_HCV-3a(+)25	REV_HCV-3a(-)371	9.61E+02	58.82	14034	14043	3.69E+02	54.55	14728	14739
1309	F11R	F11 receptor	FOR_HCV-3a(+)25	REV_HCV-3a(-)394	3.80E+03	52.94	10398	10406	7.38E+03	47.37	11578	11586
17164	LYPD4	LY6/PLAUR domain containing 4	FOR_HCV-3a(+)25	REV_HCV-3a(-)394	3.80E+03	52.94	385	393	7.38E+03	47.37	2131	2139
17437	KLK13	kallikrein-related peptidase 13	FOR_HCV-3a(+)25	REV_HCV-3a(-)394	2.43E+02	64.71	271	281	4.28E+02	57.89	445	455
17163	CEACAM3	carcinoembryonic antigen-related cell adhesion molecule 3	FOR_HCV-3a(+)25	REV_HCV-3a(-)371	9.61E+02	58.82	12151	12160	5.77E+03	45.45	12486	12495
11301	HRASLS2	HRAS-like suppressor 2	FOR_HCV-3a(+)25	REV_HCV-3a(-)345	3.80E+03	52.94	2516	2524	1.22E+03	52.38	3612	3622
3418	MAP4	microtubule-associated protein 4	FOR_HCV-3a(+)25	REV_HCV-3a(-)345	9.61E+02	76.47	223417	223430	4.81E+03	61.9	224318	224331
5075	OSMR	oncostatin M receptor	FOR_HCV-3a(+)25	REV_HCV-3a(-)345	3.80E+03	52.94	79112	79120	4.81E+03	61.9	81568	81581
7457	C6orf58	chromosome 6 open reading frame 58	FOR_HCV-3a(+)7	REV_HCV-3a(-)371	2.88E+03	52.63	3291	3300	5.77E+03	45.45	6221	6230
16963	SLC7A10	solute carrier family 7 (neutral amino acid transporter light chain, asc system), member 10	FOR_HCV-3a(+)25	REV_HCV-3a(-)394	3.80E+03	52.94	12278	12286	2.48E+01	73.68	14695	14709
15361	RNF112	ring finger protein 112	FOR_HCV-3a(+)25	REV_HCV-3a(-)394	3.80E+03	52.94	2720	2728	1.78E+03	52.63	4523	4532
6247	HLA-C/3	major histocompatibility complex, class I, C	FOR_HCV-3a(+)25	REV_HCV-3a(-)345	3.80E+03	52.94	1360	1368	4.81E+03	47.62	1671	1680
3837	MBD4	methyl-CpG binding domain protein 4	FOR_HCV-3a(+)25	REV_HCV-3a(-)345	9.61E+02	58.82	2941	2950	3.08E+02	57.14	4530	4541
18485	CES5AP1	carboxylesterase 5A pseudogene 1	FOR_HCV-3a(+)25	REV_HCV-3a(-)345	3.80E+03	52.94	5081	5089	1.22E+03	52.38	6447	6457
3832	CNBP	CCHC-type zinc finger, nucleic acid binding protein	FOR_HCV-3a(+)7	REV_HCV-3a(-)345	1.14E+04	47.37	1273	1281	1.22E+03	52.38	3541	3551
19462	HAUS7	HAUS augmin-like complex, subunit 7	FOR_HCV-3a(+)7	REV_HCV-3a(-)345	2.88E+03	52.63	11870	11879	4.81E+03	47.62	14831	14840
13688	CINP	cyclin-dependent kinase 2 interacting protein	FOR_HCV-3a(+)25	REV_HCV-3a(-)371	3.80E+03	52.94	6250	6258	5.77E+03	59.09	8141	8154
11279	INTS5	integrator complex subunit 5	FOR_HCV-3a(+)25	REV_HCV-3a(-)371	9.61E+02	58.82	2469	2478	1.46E+03	50	3164	3174
19063	CCNB3	cyclin B3	FOR_HCV-3a(+)25	REV_HCV-3a(-)345	3.80E+03	52.94	38677	38685	4.81E+03	61.9	39730	39743
14991	MPHOSPH6	M-phase phosphoprotein 6	FOR_HCV-3a(+)25	REV_HCV-3a(-)345	3.80E+03	52.94	7839	7847	4.81E+03	47.62	8468	8477
12530	FAM71C	family with sequence similarity 71, member C	FOR_HCV-3a(+)25	REV_HCV-3a(-)345	3.80E+03	52.94	1772	1780	4.81E+03	47.62	2191	2200
13099	LOC100507654	uncharacterized LOC100507654	FOR_HCV-3a(+)25	REV_HCV-3a(-)371	3.80E+03	52.94	38440	38448	3.69E+02	54.55	40532	40543
4134	CLDN16	claudin 16	FOR_HCV-3a(+)25	REV_HCV-3a(-)371	3.80E+03	52.94	15231	15239	5.77E+03	45.45	15953	15962
7259	FAM46A	family with sequence similarity 46, member A	FOR_HCV-3a(+)25	REV_HCV-3a(-)394	3.80E+03	52.94	2505	2513	7.38E+03	47.37	3942	3950
19419	LOC645188	uncharacterized LOC645188	FOR_HCV-3a(+)25	REV_HCV-3a(-)345	3.80E+03	52.94	10490	10498	3.08E+02	57.14	12658	12669
10590	NDUFB8	NADH dehydrogenase (ubiquinone) 1 beta subcomplex, 8, 19kDa	FOR_HCV-3a(+)25	REV_HCV-3a(-)345	9.61E+02	58.82	3280	3289	1.22E+03	52.38	3458	3468
18419	DGCR14	DiGeorge syndrome critical region gene 14	FOR_HCV-3a(+)25	REV_HCV-3a(-)345	9.61E+02	58.82	10339	10348	4.81E+03	47.62	11180	11189
4489	HTN3	histatin 3	FOR_HCV-3a(+)25	REV_HCV-3a(-)371	3.80E+03	52.94	6680	6688	5.77E+03	59.09	7956	7969
18410	LOC642643	uncharacterized LOC642643	FOR_HCV-3a(+)25	REV_HCV-3a(-)345	3.80E+03	52.94	3430	3438	4.81E+03	47.62	6304	6313
19360	IGSF1	immunoglobulin superfamily, member 1	FOR_HCV-3a(+)25	REV_HCV-3a(-)394	3.80E+03	52.94	1734	1742	7.38E+03	47.37	2699	2707
5305	RGMB	RGM domain family, member B	FOR_HCV-3a(+)25	REV_HCV-3a(-)371	3.80E+03	52.94	13749	13757	3.69E+02	54.55	15162	15173
80	ICMT	isoprenylcysteine carboxyl methyltransferase	FOR_HCV-3a(+)25	REV_HCV-3a(-)371	3.80E+03	52.94	1003	1011	5.77E+03	45.45	3077	3086
12719	RHOF	ras homolog family member F (in filopodia)	FOR_HCV-3a(+)25	REV_HCV-3a(-)394	3.80E+03	52.94	13748	13756	7.38E+03	47.37	14984	14992
14198	LOC729911	uncharacterized LOC729911	FOR_HCV-3a(+)25	REV_HCV-3a(-)371	3.80E+03	52.94	84120	84128	3.69E+02	54.55	86788	86799
10974	RASSF10	Ras association (RalGDS/AF-6) domain family (N-terminal) member 10	FOR_HCV-3a(+)25	REV_HCV-3a(-)371	3.80E+03	52.94	153	161	1.46E+03	50	2077	2087
15824	SKA2	spindle and kinetochore associated complex subunit 2	FOR_HCV-3a(+)25	REV_HCV-3a(-)345	3.80E+03	52.94	19686	19694	3.08E+02	57.14	22023	22034
18257	FLJ46020	long intergenic non-protein coding RNA 650	FOR_HCV-3a(+)25	REV_HCV-3a(-)371	3.80E+03	52.94	6593	6601	5.77E+03	45.45	7025	7034
8204	ZNF3	zinc finger protein 3	FOR_HCV-3a(+)25	REV_HCV-3a(-)371	3.80E+03	52.94	10779	10787	3.69E+02	54.55	11062	11073
17546	PPP1R12C	protein phosphatase 1, regulatory subunit 12C	FOR_HCV-3a(+)25	REV_HCV-3a(-)371	3.80E+03	52.94	16588	16596	5.77E+03	59.09	16960	16973
18540	EMID1	EMI domain containing 1	FOR_HCV-3a(+)25	REV_HCV-3a(-)345	3.80E+03	52.94	50283	50291	3.08E+02	57.14	52578	52589
4620	SNCA	synuclein, alpha (non A4 component of amyloid precursor)	FOR_HCV-3a(+)25	REV_HCV-3a(-)371	6.16E+01	70.59	68174	68185	5.77E+03	59.09	70791	70804
11124	MAPK8IP1	mitogen-activated protein kinase 8 interacting protein 1	FOR_HCV-3a(+)25	REV_HCV-3a(-)345	3.80E+03	70.59	9850	9862	4.81E+03	47.62	11683	11692
18063	CBLN4	cerebellin 4 precursor	FOR_HCV-3a(+)25	REV_HCV-3a(-)345	3.80E+03	52.94	3034	3042	4.81E+03	47.62	5660	5669
16710	ZNF563	zinc finger protein 563	FOR_HCV-3a(+)25	REV_HCV-3a(-)345	3.80E+03	52.94	5945	5953	4.81E+03	47.62	8642	8651
11755	USP2	ubiquitin specific peptidase 2	FOR_HCV-3a(+)7	REV_HCV-3a(-)345	7.30E+02	57.89	9109	9119	1.22E+03	52.38	9341	9351
17979	SEMG2	semenogelin II	FOR_HCV-3a(+)25	REV_HCV-3a(-)345	3.80E+03	52.94	1159	1167	1.22E+03	52.38	2403	2413
14680	ASPHD1	aspartate beta-hydroxylase domain containing 1	FOR_HCV-3a(+)7	REV_HCV-3a(-)345	1.14E+04	47.37	66	74	4.81E+03	47.62	2970	2979
3013	WDFY1	WD repeat and FYVE domain containing 1	FOR_HCV-3a(+)25	REV_HCV-3a(-)371	3.80E+03	52.94	66506	66514	1.46E+03	63.64	68978	68992
12005	CSDA	cold shock domain protein A	FOR_HCV-3a(+)25	REV_HCV-3a(-)371	9.61E+02	58.82	10625	10634	5.77E+03	45.45	13206	13215
2378	ASTL	astacin-like metallo-endopeptidase (M12 family)	FOR_HCV-3a(+)25	REV_HCV-3a(-)371	3.80E+03	52.94	1279	1287	5.77E+03	45.45	3082	3091
18741	TTLL12	tubulin tyrosine ligase-like family, member 12	FOR_HCV-3a(+)7	REV_HCV-3a(-)345	1.14E+04	47.37	2313	2321	4.81E+03	47.62	3919	3928
8721	PEBP4	phosphatidylethanolamine-binding protein 4	FOR_HCV-3a(+)7	REV_HCV-3a(-)371	1.14E+04	63.16	209106	209118	5.77E+03	59.09	209337	209350
8502	PIP	prolactin-induced protein	FOR_HCV-3a(+)25	REV_HCV-3a(-)345	3.80E+03	52.94	257	265	4.81E+03	47.62	1636	1645
1220	RIT1	Ras-like without CAAX 1	FOR_HCV-3a(+)25	REV_HCV-3a(-)371	3.80E+03	52.94	3607	3615	5.77E+03	45.45	5667	5676
10651	ITPRIP	inositol 1,4,5-trisphosphate receptor interacting protein	FOR_HCV-3a(+)25	REV_HCV-3a(-)394	3.80E+03	52.94	8915	8923	7.38E+03	47.37	9668	9676
9531	ANXA1	annexin A1	FOR_HCV-3a(+)25	REV_HCV-3a(-)345	3.80E+03	52.94	7611	7619	1.22E+03	52.38	8035	8045
15000	DNAAF1	dynein, axonemal, assembly factor 1	FOR_HCV-3a(+)25	REV_HCV-3a(-)371	3.80E+03	52.94	17119	17127	3.69E+02	68.18	17573	17588
975	BCAS2	breast carcinoma amplified sequence 2	FOR_HCV-3a(+)25	REV_HCV-3a(-)371	3.80E+03	52.94	12084	12092	5.77E+03	59.09	13132	13145
7716	RADIL	Ras association and DIL domains	FOR_HCV-3a(+)25	REV_HCV-3a(-)371	9.61E+02	58.82	54017	54026	1.46E+03	63.64	55685	55699
11014	SPTY2D1	SPT2, Suppressor of Ty, domain containing 1 (S. cerevisiae)	FOR_HCV-3a(+)25	REV_HCV-3a(-)371	3.80E+03	52.94	21117	21125	1.46E+03	50	21731	21741
15560	CDC6	cell division cycle 6 homolog (S. cerevisiae)	FOR_HCV-3a(+)25	REV_HCV-3a(-)371	3.80E+03	52.94	9657	9665	5.77E+03	45.45	10126	10135
14532	LOC100652934		FOR_HCV-3a(+)25	REV_HCV-3a(-)371	3.80E+03	52.94	525	533	5.77E+03	45.45	946	955
2119	PREPL	prolyl endopeptidase-like	FOR_HCV-3a(+)25	REV_HCV-3a(-)371	9.61E+02	58.82	29498	29507	3.69E+02	54.55	32364	32375
19477	IRAK1	interleukin-1 receptor-associated kinase 1	FOR_HCV-3a(+)7	REV_HCV-3a(-)394	1.14E+04	47.37	8083	8091	1.78E+03	52.63	9017	9026
1508	UCHL5	ubiquitin carboxyl-terminal hydrolase L5	FOR_HCV-3a(+)25	REV_HCV-3a(-)371	3.80E+03	52.94	20810	20818	3.69E+02	68.18	23097	23112
9408	FAM205CP	transmembrane protein C9orf144B pseudogene	FOR_HCV-3a(+)25	REV_HCV-3a(-)345	3.80E+03	52.94	4267	4275	4.81E+03	47.62	6619	6628
14022	MGC15885	uncharacterized protein MGC15885	FOR_HCV-3a(+)25	REV_HCV-3a(-)371	3.80E+03	52.94	4220	4228	1.46E+03	50	4998	5008
11979	PZP	pregnancy-zone protein	FOR_HCV-3a(+)25	REV_HCV-3a(-)371	9.61E+02	58.82	21440	21449	5.77E+03	59.09	23516	23529
8373	LOC100506682	uncharacterized LOC100506682	FOR_HCV-3a(+)25	REV_HCV-3a(-)371	3.80E+03	52.94	3397	3405	5.77E+03	45.45	5917	5926
10155	PRINS	psoriasis associated non-protein coding RNA induced by stress	FOR_HCV-3a(+)25	REV_HCV-3a(-)371	3.80E+03	52.94	1501	1509	1.46E+03	50	1819	1829
3871	ANAPC13	anaphase promoting complex subunit 13	FOR_HCV-3a(+)25	REV_HCV-3a(-)371	3.80E+03	52.94	4539	4547	5.77E+03	45.45	6474	6483
11970	AICDA	activation-induced cytidine deaminase	FOR_HCV-3a(+)7	REV_HCV-3a(-)394	1.14E+04	47.37	6324	6332	7.38E+03	47.37	7287	7295
11238	PRPF19	PRP19/PSO4 pre-mRNA processing factor 19 homolog (S. cerevisiae)	FOR_HCV-3a(+)25	REV_HCV-3a(-)345	3.80E+03	52.94	457	465	1.22E+03	52.38	2014	2024
13809	ARHGAP11A	Rho GTPase activating protein 11A	FOR_HCV-3a(+)25	REV_HCV-3a(-)371	3.80E+03	52.94	7590	7598	5.77E+03	45.45	8243	8252
3520	GLT8D1	glycosyltransferase 8 domain containing 1	FOR_HCV-3a(+)25	REV_HCV-3a(-)371	3.80E+03	52.94	3969	3977	1.46E+03	50	6271	6281
11232	MS4A8B	membrane-spanning 4-domains, subfamily A, member 8B	FOR_HCV-3a(+)25	REV_HCV-3a(-)345	9.61E+02	58.82	9715	9724	4.81E+03	61.9	10775	10788
3449	LAMB2	laminin, beta 2 (laminin S)	FOR_HCV-3a(+)25	REV_HCV-3a(-)371	3.80E+03	52.94	5148	5156	5.77E+03	45.45	6944	6953
3447	QARS	glutaminyl-tRNA synthetase	FOR_HCV-3a(+)25	REV_HCV-3a(-)371	3.80E+03	52.94	5046	5054	2.37E+01	63.64	6129	6142
18847	LOC100506453	uncharacterized LOC100506453	FOR_HCV-3a(+)25	REV_HCV-3a(-)371	3.80E+03	52.94	6379	6387	1.46E+03	50	7908	7918
6213	MUC21/6	mucin 21, cell surface associated	FOR_HCV-3a(+)25	REV_HCV-3a(-)371	3.80E+03	52.94	2647	2655	5.77E+03	45.45	3191	3200
12221	TMPRSS12	transmembrane (C-terminal) protease, serine 12	FOR_HCV-3a(+)25	REV_HCV-3a(-)345	3.80E+03	52.94	41729	41737	7.79E+01	61.9	44022	44034
12343	HSD17B6	hydroxysteroid (17-beta) dehydrogenase 6 homolog (mouse)	FOR_HCV-3a(+)25	REV_HCV-3a(-)371	3.80E+03	52.94	21127	21135	5.77E+03	45.45	23525	23534
2691	GCA	grancalcin, EF-hand calcium binding protein	FOR_HCV-3a(+)25	REV_HCV-3a(-)345	3.80E+03	52.94	9207	9215	1.22E+03	52.38	9869	9879
9335	PSIP1	PC4 and SFRS1 interacting protein 1	FOR_HCV-3a(+)25	REV_HCV-3a(-)345	3.80E+03	52.94	26392	26400	4.81E+03	61.9	28691	28704
6811	DEK	DEK oncogene	FOR_HCV-3a(+)25	REV_HCV-3a(-)371	3.80E+03	52.94	33707	33715	3.69E+02	54.55	34698	34709
16506	TBXA2R	thromboxane A2 receptor	FOR_HCV-3a(+)25	REV_HCV-3a(-)394	3.80E+03	70.59	11635	11647	7.38E+03	47.37	12262	12270
19089	PHF8	PHD finger protein 8	FOR_HCV-3a(+)25	REV_HCV-3a(-)345	9.61E+02	58.82	63234	63243	4.81E+03	61.9	64239	64252
10150	ARMC3	armadillo repeat containing 3	FOR_HCV-3a(+)25	REV_HCV-3a(-)371	9.61E+02	58.82	23554	23563	5.77E+03	59.09	25392	25405
5213	HMGCR	3-hydroxy-3-methylglutaryl-CoA reductase	FOR_HCV-3a(+)25	REV_HCV-3a(-)371	3.80E+03	52.94	20765	20773	5.77E+03	45.45	21287	21296
6626	PPP1R2P1/6	protein phosphatase 1, regulatory (inhibitor) subunit 2 pseudogene 1	FOR_HCV-3a(+)25	REV_HCV-3a(-)371	3.80E+03	52.94	238	246	5.77E+03	45.45	459	468
6625	HLA-DQB2/4	major histocompatibility complex, class II, DQ beta 2	FOR_HCV-3a(+)25	REV_HCV-3a(-)371	3.80E+03	52.94	293	301	5.77E+03	45.45	514	523
11480	RELT	RELT tumor necrosis factor receptor	FOR_HCV-3a(+)25	REV_HCV-3a(-)371	2.43E+02	64.71	11783	11793	5.77E+03	45.45	13619	13628
4163	ACAP2	ArfGAP with coiled-coil, ankyrin repeat and PH domains 2	FOR_HCV-3a(+)25	REV_HCV-3a(-)371	3.80E+03	52.94	154685	154693	3.69E+02	68.18	156272	156287
7322	CCNC	cyclin C	FOR_HCV-3a(+)25	REV_HCV-3a(-)345	3.80E+03	52.94	20292	20300	3.08E+02	57.14	23069	23080
7189	GSTA2	glutathione S-transferase alpha 2	FOR_HCV-3a(+)25	REV_HCV-3a(-)371	3.80E+03	52.94	11172	11180	5.77E+03	45.45	12672	12681
3238	MRPS25	mitochondrial ribosomal protein S25	FOR_HCV-3a(+)25	REV_HCV-3a(-)394	3.80E+03	70.59	1310	1322	7.38E+03	47.37	1722	1730
10126	LOC100128098	uncharacterized LOC100128098	FOR_HCV-3a(+)25	REV_HCV-3a(-)345	3.80E+03	52.94	15637	15645	4.81E+03	47.62	16315	16324
18446	LOC653203	long intergenic non-protein coding RNA 281 pseudogene	FOR_HCV-3a(+)25	REV_HCV-3a(-)345	3.80E+03	52.94	1426	1434	4.81E+03	47.62	4318	4327
19424	SPANXN2	SPANX family, member N2	FOR_HCV-3a(+)25	REV_HCV-3a(-)371	3.80E+03	52.94	5727	5735	1.46E+03	50	8352	8362
13262	GZMB	granzyme B (granzyme 2, cytotoxic T-lymphocyte-associated serine esterase 1)	FOR_HCV-3a(+)25	REV_HCV-3a(-)394	9.61E+02	58.82	553	562	7.38E+03	47.37	2419	2427
9952	LOC100130548	uncharacterized LOC100130548	FOR_HCV-3a(+)7	REV_HCV-3a(-)371	1.14E+04	47.37	2412	2420	5.77E+03	45.45	3175	3184
5414	ANKRD43	sosondowah ankyrin repeat domain family member A	FOR_HCV-3a(+)25	REV_HCV-3a(-)394	3.80E+03	52.94	277	285	7.38E+03	47.37	702	710
204	FLJ37453	uncharacterized LOC729614	FOR_HCV-3a(+)25	REV_HCV-3a(-)371	3.80E+03	52.94	8983	8991	5.77E+03	45.45	9914	9923
14277	PEX11A	peroxisomal biogenesis factor 11 alpha	FOR_HCV-3a(+)25	REV_HCV-3a(-)371	3.80E+03	52.94	4887	4895	5.77E+03	45.45	6545	6554
7105	UBR2	ubiquitin protein ligase E3 component n-recognin 2	FOR_HCV-3a(+)25	REV_HCV-3a(-)371	3.80E+03	52.94	112772	112780	3.69E+02	68.18	114525	114540
17833	DEFB124	defensin, beta 124	FOR_HCV-3a(+)25	REV_HCV-3a(-)371	3.80E+03	52.94	6671	6679	1.46E+03	50	6971	6981
2239	PCBP1-AS1	PCBP1 antisense RNA 1	FOR_HCV-3a(+)25	REV_HCV-3a(-)345	3.80E+03	52.94	99652	99660	4.81E+03	61.9	102003	102016
2331	CHMP3	charged multivesicular body protein 3	FOR_HCV-3a(+)25	REV_HCV-3a(-)345	3.80E+03	52.94	49700	49708	1.22E+03	66.67	50554	50568
11413	SSH3	slingshot homolog 3 (Drosophila)	FOR_HCV-3a(+)25	REV_HCV-3a(-)394	3.80E+03	52.94	5593	5601	7.38E+03	47.37	7312	7320
12763	DHX37	DEAH (Asp-Glu-Ala-His) box polypeptide 37	FOR_HCV-3a(+)25	REV_HCV-3a(-)371	9.61E+02	58.82	6976	6985	1.46E+03	63.64	9132	9146
18788	C22orf34	chromosome 22 open reading frame 34	FOR_HCV-3a(+)25	REV_HCV-3a(-)371	3.80E+03	52.94	24585	24593	5.77E+03	45.45	26141	26150
16290	MEX3C	mex-3 homolog C (C. elegans)	FOR_HCV-3a(+)25	REV_HCV-3a(-)371	9.61E+02	58.82	2205	2214	5.77E+03	45.45	3637	3646
668	PPAP2B	phosphatidic acid phosphatase type 2B	FOR_HCV-3a(+)25	REV_HCV-3a(-)345	9.61E+02	58.82	62919	62928	4.81E+03	61.9	64053	64066
18010	CD40	CD40 molecule, TNF receptor superfamily member 5	FOR_HCV-3a(+)25	REV_HCV-3a(-)371	3.80E+03	52.94	5806	5814	5.77E+03	45.45	7635	7644
13360	PTGER2	prostaglandin E receptor 2 (subtype EP2), 53kDa	FOR_HCV-3a(+)25	REV_HCV-3a(-)345	3.80E+03	52.94	247	255	4.81E+03	47.62	2158	2167
16684	CCDC159	coiled-coil domain containing 159	FOR_HCV-3a(+)25	REV_HCV-3a(-)371	3.80E+03	52.94	3784	3792	5.77E+03	45.45	6429	6438
2487	BUB1	budding uninhibited by benzimidazoles 1 homolog (yeast)	FOR_HCV-3a(+)25	REV_HCV-3a(-)371	3.80E+03	52.94	30838	30846	5.77E+03	45.45	31928	31937
15683	HEXIM2	hexamethylene bis-acetamide inducible 2	FOR_HCV-3a(+)25	REV_HCV-3a(-)371	3.80E+03	52.94	5902	5910	5.77E+03	45.45	8317	8326
17840	DUSP15	dual specificity phosphatase 15	FOR_HCV-3a(+)25	REV_HCV-3a(-)371	9.61E+02	58.82	895	904	5.77E+03	45.45	1890	1899
14476	CORO7	coronin 7	FOR_HCV-3a(+)25	REV_HCV-3a(-)371	3.80E+03	52.94	59065	59073	3.69E+02	54.55	59792	59803
15996	RHBDF2	rhomboid 5 homolog 2 (Drosophila)	FOR_HCV-3a(+)25	REV_HCV-3a(-)371	9.61E+02	58.82	12051	12060	1.46E+03	50	12099	12109
2243	SNRPG	small nuclear ribonucleoprotein polypeptide G	FOR_HCV-3a(+)25	REV_HCV-3a(-)371	9.61E+02	58.82	4902	4911	5.77E+03	45.45	6643	6652
13844	BMF	Bcl2 modifying factor	FOR_HCV-3a(+)25	REV_HCV-3a(-)394	3.80E+03	52.94	10240	10248	7.38E+03	47.37	13026	13034
13847	C15orf56	chromosome 15 open reading frame 56	FOR_HCV-3a(+)7	REV_HCV-3a(-)371	1.14E+04	47.37	488	496	3.69E+02	54.55	1148	1159
4885	AADAT	aminoadipate aminotransferase	FOR_HCV-3a(+)7	REV_HCV-3a(-)345	1.14E+04	47.37	21775	21783	4.81E+03	47.62	23445	23454
8028	LOC442572	speedy homolog E1 (Xenopus laevis) pseudogene	FOR_HCV-3a(+)25	REV_HCV-3a(-)371	3.80E+03	52.94	2184	2192	5.77E+03	59.09	3679	3692
7967	IKZF1/2	IKAROS family zinc finger 1 (Ikaros)	FOR_HCV-3a(+)25	REV_HCV-3a(-)345	3.80E+03	52.94	6984	6992	4.81E+03	47.62	7884	7893
8023	LOC100653016		FOR_HCV-3a(+)25	REV_HCV-3a(-)371	3.80E+03	52.94	1992	2000	1.46E+03	50	4104	4114
13923	PATL2	protein associated with topoisomerase II homolog 2 (yeast)	FOR_HCV-3a(+)25	REV_HCV-3a(-)345	3.80E+03	52.94	5532	5540	4.81E+03	47.62	6470	6479
6564	FAM50B	family with sequence similarity 50, member B	FOR_HCV-3a(+)25	REV_HCV-3a(-)371	9.61E+02	58.82	1253	1262	5.77E+03	45.45	1379	1388
3414	C3orf75	elongator acetyltransferase complex subunit 6	FOR_HCV-3a(+)25	REV_HCV-3a(-)371	3.80E+03	52.94	6544	6552	5.77E+03	59.09	6797	6810
5242	CMYA5	cardiomyopathy associated 5	FOR_HCV-3a(+)25	REV_HCV-3a(-)371	9.61E+02	58.82	25321	25330	9.35E+01	59.09	27478	27490
2411	LYG2	lysozyme G-like 2	FOR_HCV-3a(+)25	REV_HCV-3a(-)371	3.80E+03	52.94	6135	6143	1.46E+03	50	8801	8811
7681	LOC100505500		FOR_HCV-3a(+)7	REV_HCV-3a(-)345	1.14E+04	47.37	738	746	4.81E+03	47.62	1510	1519
921	GSTM3	glutathione S-transferase mu 3 (brain)	FOR_HCV-3a(+)25	REV_HCV-3a(-)394	9.61E+02	58.82	1152	1161	7.38E+03	47.37	2742	2750
7722	SLC29A4	solute carrier family 29 (nucleoside transporters), member 4	FOR_HCV-3a(+)25	REV_HCV-3a(-)371	3.80E+03	52.94	13019	13027	9.35E+01	59.09	15253	15265
12148	IRAK4	interleukin-1 receptor-associated kinase 4	FOR_HCV-3a(+)25	REV_HCV-3a(-)371	9.61E+02	58.82	19647	19656	1.46E+03	63.64	21547	21561
4970	LOC100506791	uncharacterized LOC100506791	FOR_HCV-3a(+)25	REV_HCV-3a(-)394	3.80E+03	52.94	10464	10472	7.38E+03	47.37	12773	12781
10536	TLL2	tolloid-like 2	FOR_HCV-3a(+)25	REV_HCV-3a(-)345	3.80E+03	70.59	4034	4046	1.22E+03	66.67	5548	5562
9095	SLC25A32	solute carrier family 25 (mitochondrial folate carrier) , member 32	FOR_HCV-3a(+)7	REV_HCV-3a(-)371	1.14E+04	47.37	2943	2951	5.77E+03	45.45	5539	5548
11805	PATE1	prostate and testis expressed 1	FOR_HCV-3a(+)25	REV_HCV-3a(-)371	3.80E+03	52.94	376	384	5.77E+03	45.45	2138	2147
17705	GFRA4	GDNF family receptor alpha 4	FOR_HCV-3a(+)25	REV_HCV-3a(-)394	9.61E+02	58.82	2506	2515	7.38E+03	47.37	2809	2817
1927	KCNF1	potassium voltage-gated channel, subfamily F, member 1	FOR_HCV-3a(+)25	REV_HCV-3a(-)394	3.80E+03	52.94	1519	1527	7.38E+03	47.37	1945	1953
8320	TMEM168	transmembrane protein 168	FOR_HCV-3a(+)25	REV_HCV-3a(-)371	3.80E+03	52.94	20251	20259	5.77E+03	45.45	21546	21555
19070	GSPT2	G1 to S phase transition 2	FOR_HCV-3a(+)25	REV_HCV-3a(-)345	3.80E+03	52.94	240	248	4.81E+03	47.62	1709	1718
13145	LAMP1	lysosomal-associated membrane protein 1	FOR_HCV-3a(+)25	REV_HCV-3a(-)371	3.80E+03	52.94	23978	23986	3.69E+02	54.55	25106	25117
11366	SIPA1	signal-induced proliferation-associated 1	FOR_HCV-3a(+)7	REV_HCV-3a(-)394	1.14E+04	47.37	935	943	7.38E+03	47.37	2297	2305
3479	HYAL1	hyaluronoglucosaminidase 1	FOR_HCV-3a(+)25	REV_HCV-3a(-)394	3.80E+03	52.94	1838	1846	7.38E+03	47.37	3315	3323
3573	SNTN	sentan, cilia apical structure protein	FOR_HCV-3a(+)25	REV_HCV-3a(-)345	9.61E+02	58.82	2359	2368	4.81E+03	47.62	5250	5259
2667	LOC554201	CCDC148 antisense RNA 1	FOR_HCV-3a(+)25	REV_HCV-3a(-)345	3.80E+03	52.94	44462	44470	4.81E+03	61.9	45954	45967
7431	GJA1	gap junction protein, alpha 1, 43kDa	FOR_HCV-3a(+)25	REV_HCV-3a(-)371	3.80E+03	52.94	10471	10479	1.46E+03	50	10685	10695
4490	HTN1	histatin 1	FOR_HCV-3a(+)25	REV_HCV-3a(-)371	3.80E+03	52.94	6743	6751	5.77E+03	59.09	8240	8253
7535	ADAT2	adenosine deaminase, tRNA-specific 2	FOR_HCV-3a(+)25	REV_HCV-3a(-)345	3.80E+03	52.94	25214	25222	4.81E+03	47.62	27394	27403
364	FCN3	ficolin (collagen/fibrinogen domain containing) 3 (Hakata antigen)	FOR_HCV-3a(+)25	REV_HCV-3a(-)371	3.80E+03	52.94	2241	2249	5.77E+03	45.45	4953	4962
19177	RLIM	ring finger protein, LIM domain interacting	FOR_HCV-3a(+)25	REV_HCV-3a(-)345	3.80E+03	52.94	28307	28315	4.81E+03	47.62	28409	28418
18406	PEX26	peroxisomal biogenesis factor 26	FOR_HCV-3a(+)25	REV_HCV-3a(-)394	3.80E+03	52.94	10634	10642	7.38E+03	47.37	10852	10860
14230	AP3B2	adaptor-related protein complex 3, beta 2 subunit	FOR_HCV-3a(+)25	REV_HCV-3a(-)345	3.80E+03	52.94	4043	4051	4.81E+03	61.9	4095	4108
12641	RPL6	ribosomal protein L6	FOR_HCV-3a(+)25	REV_HCV-3a(-)345	9.61E+02	58.82	1388	1397	4.81E+03	47.62	1976	1985
9000	E2F5	E2F transcription factor 5, p130-binding	FOR_HCV-3a(+)25	REV_HCV-3a(-)371	3.80E+03	52.94	30720	30728	5.77E+03	59.09	31771	31784
6176	TUBB/6	tubulin, beta class I	FOR_HCV-3a(+)25	REV_HCV-3a(-)371	3.80E+03	52.94	261	269	5.77E+03	59.09	624	637
6174	ABCF1/2	ATP-binding cassette, sub-family F (GCN20), member 1	FOR_HCV-3a(+)25	REV_HCV-3a(-)371	3.80E+03	52.94	19080	19088	5.77E+03	59.09	19443	19456
16086	LOC100505970	HEXDC intronic transcript 1 (non-protein coding)	FOR_HCV-3a(+)25	REV_HCV-3a(-)371	3.80E+03	52.94	381	389	5.77E+03	45.45	1156	1165
1721	CNIH4	cornichon homolog 4 (Drosophila)	FOR_HCV-3a(+)25	REV_HCV-3a(-)394	3.80E+03	52.94	9841	9849	7.38E+03	47.37	11661	11669
14932	LOC100132529	uncharacterized LOC100132529	FOR_HCV-3a(+)7	REV_HCV-3a(-)394	1.14E+04	47.37	2098	2106	7.38E+03	47.37	4976	4984
14933	TAT	tyrosine aminotransferase	FOR_HCV-3a(+)7	REV_HCV-3a(-)394	1.14E+04	47.37	1036	1044	7.38E+03	47.37	3914	3922
13131	C13orf16	testis expressed 29	FOR_HCV-3a(+)7	REV_HCV-3a(-)345	7.30E+02	57.89	2007	2017	4.81E+03	47.62	4889	4898
11290	STX5	syntaxin 5	FOR_HCV-3a(+)25	REV_HCV-3a(-)345	3.80E+03	52.94	10267	10275	4.81E+03	61.9	13030	13043
5976	HLA-T/7	major histocompatibility complex, class I, T (pseudogene)	FOR_HCV-3a(+)25	REV_HCV-3a(-)345	9.61E+02	58.82	18	27	4.81E+03	47.62	1964	1973
10864	C11orf21	chromosome 11 open reading frame 21	FOR_HCV-3a(+)25	REV_HCV-3a(-)345	3.80E+03	52.94	667	675	4.81E+03	47.62	1774	1783
19506	BRCC3	BRCA1/BRCA2-containing complex, subunit 3	FOR_HCV-3a(+)25	REV_HCV-3a(-)345	3.80E+03	52.94	33838	33846	3.08E+02	57.14	35028	35039
8218	ZCWPW1	zinc finger, CW type with PWWP domain 1	FOR_HCV-3a(+)25	REV_HCV-3a(-)345	3.80E+03	70.59	6586	6598	4.81E+03	61.9	9405	9418
17202	LYPD3	LY6/PLAUR domain containing 3	FOR_HCV-3a(+)25	REV_HCV-3a(-)345	3.80E+03	52.94	1208	1216	4.81E+03	47.62	3191	3200
15947	FADS6	fatty acid desaturase domain family, member 6	FOR_HCV-3a(+)7	REV_HCV-3a(-)371	1.14E+04	47.37	3572	3580	5.77E+03	45.45	6018	6027
15649	C17orf105	chromosome 17 open reading frame 105	FOR_HCV-3a(+)25	REV_HCV-3a(-)371	3.80E+03	52.94	2785	2793	3.69E+02	68.18	2993	3008
12968	ZC3H13	zinc finger CCCH-type containing 13	FOR_HCV-3a(+)25	REV_HCV-3a(-)371	3.80E+03	52.94	82464	82472	5.77E+03	59.09	84731	84744
13529	FAM164C	zinc finger, C2HC-type containing 1C	FOR_HCV-3a(+)7	REV_HCV-3a(-)371	1.14E+04	47.37	1077	1085	5.77E+03	45.45	2040	2049
254	PLA2G2D	phospholipase A2, group IID	FOR_HCV-3a(+)25	REV_HCV-3a(-)394	3.80E+03	52.94	3891	3899	7.38E+03	47.37	4602	4610
11741	SLC37A4	solute carrier family 37 (glucose-6-phosphate transporter), member 4	FOR_HCV-3a(+)25	REV_HCV-3a(-)394	3.80E+03	52.94	4713	4721	7.38E+03	47.37	6296	6304
11742	HYOU1	hypoxia up-regulated 1	FOR_HCV-3a(+)25	REV_HCV-3a(-)345	3.80E+03	52.94	6003	6011	1.22E+03	52.38	6740	6750
6939	ABHD16A/1	abhydrolase domain containing 16A	FOR_HCV-3a(+)25	REV_HCV-3a(-)371	9.61E+02	58.82	7042	7051	1.46E+03	50	8786	8796
14733	LOC283914	uncharacterized LOC283914	FOR_HCV-3a(+)25	REV_HCV-3a(-)345	3.80E+03	52.94	15416	15424	4.81E+03	47.62	17612	17621
2562	SFT2D3	SFT2 domain containing 3	FOR_HCV-3a(+)7	REV_HCV-3a(-)371	1.14E+04	47.37	1313	1321	5.77E+03	45.45	1792	1801
14735	FLJ26245	uncharacterized LOC400533	FOR_HCV-3a(+)25	REV_HCV-3a(-)345	3.80E+03	52.94	1431	1439	1.22E+03	52.38	2395	2405
15701	LRRC37A2/1	leucine rich repeat containing 37, member A2	FOR_HCV-3a(+)25	REV_HCV-3a(-)371	3.80E+03	52.94	28950	28958	9.35E+01	59.09	31415	31427
10918	OR2AG1	olfactory receptor, family 2, subfamily AG, member 1	FOR_HCV-3a(+)25	REV_HCV-3a(-)371	3.80E+03	52.94	168	176	5.77E+03	45.45	288	297
10919	OR10A4	olfactory receptor, family 10, subfamily A, member 4	FOR_HCV-3a(+)25	REV_HCV-3a(-)394	3.80E+03	52.94	373	381	7.38E+03	47.37	941	949
17441	SIGLEC7	sialic acid binding Ig-like lectin 7	FOR_HCV-3a(+)25	REV_HCV-3a(-)371	9.61E+02	58.82	2060	2069	5.77E+03	45.45	4990	4999
7927	SPDYE1	speedy homolog E1 (Xenopus laevis)	FOR_HCV-3a(+)7	REV_HCV-3a(-)371	1.14E+04	47.37	1878	1886	5.77E+03	59.09	2295	2308
9502	LOC653510	COBW domain containing 4 pseudogene	FOR_HCV-3a(+)25	REV_HCV-3a(-)345	3.80E+03	52.94	24334	24342	4.81E+03	61.9	24667	24680
10316	CDK1	cyclin-dependent kinase 1	FOR_HCV-3a(+)25	REV_HCV-3a(-)345	3.80E+03	52.94	7390	7398	4.81E+03	47.62	9799	9808
6521	PBX2/7	pre-B-cell leukemia homeobox 2	FOR_HCV-3a(+)25	REV_HCV-3a(-)371	3.80E+03	52.94	1436	1444	5.77E+03	45.45	1450	1459
6523	PPT2/6	palmitoyl-protein thioesterase 2	FOR_HCV-3a(+)25	REV_HCV-3a(-)371	3.80E+03	52.94	622	630	5.77E+03	45.45	754	763
15398	FOXN1	forkhead box N1	FOR_HCV-3a(+)25	REV_HCV-3a(-)371	2.43E+02	64.71	2877	2887	9.35E+01	59.09	4635	4647
8268	SPDYE2L	WBSCR19-like protein 3	FOR_HCV-3a(+)25	REV_HCV-3a(-)371	3.80E+03	52.94	3785	3793	5.77E+03	59.09	5257	5270
6524	GPSM3/4	G-protein signaling modulator 3	FOR_HCV-3a(+)25	REV_HCV-3a(-)371	3.80E+03	52.94	310	318	5.77E+03	45.45	324	333
6526	NOTCH4/4	notch 4	FOR_HCV-3a(+)25	REV_HCV-3a(-)394	3.80E+03	52.94	27520	27528	7.38E+03	47.37	27628	27636
17295	CALM3	calmodulin 3 (phosphorylase kinase, delta)	FOR_HCV-3a(+)25	REV_HCV-3a(-)371	3.80E+03	52.94	3526	3534	3.69E+02	54.55	3883	3894
8266	POLR2J2	polymerase (RNA) II (DNA directed) polypeptide J2	FOR_HCV-3a(+)25	REV_HCV-3a(-)371	3.80E+03	52.94	17362	17370	5.77E+03	59.09	18834	18847
3727	LSAMP-AS1	LSAMP antisense RNA 1	FOR_HCV-3a(+)25	REV_HCV-3a(-)371	3.80E+03	52.94	5638	5646	5.77E+03	45.45	6031	6040
9865	WDR34	WD repeat domain 34	FOR_HCV-3a(+)25	REV_HCV-3a(-)394	3.80E+03	52.94	12699	12707	7.38E+03	47.37	14375	14383
8262	POLR2J3	polymerase (RNA) II (DNA directed) polypeptide J3	FOR_HCV-3a(+)25	REV_HCV-3a(-)371	3.80E+03	52.94	17099	17107	5.77E+03	59.09	18579	18592
8263	SPDYE2	speedy homolog E2 (Xenopus laevis)	FOR_HCV-3a(+)25	REV_HCV-3a(-)371	3.80E+03	52.94	3786	3794	5.77E+03	59.09	5266	5279
4529	C4orf26	chromosome 4 open reading frame 26	FOR_HCV-3a(+)25	REV_HCV-3a(-)371	3.80E+03	52.94	5523	5531	1.46E+03	50	5803	5813
8662	LOC100133267	defensin, beta 130-like	FOR_HCV-3a(+)25	REV_HCV-3a(-)371	3.80E+03	52.94	2875	2883	3.69E+02	54.55	5426	5437
1105	ANXA9	annexin A9	FOR_HCV-3a(+)25	REV_HCV-3a(-)345	3.80E+03	52.94	5480	5488	1.22E+03	52.38	6416	6426
8667	DEFB130	defensin, beta 130	FOR_HCV-3a(+)25	REV_HCV-3a(-)371	3.80E+03	52.94	2872	2880	3.69E+02	54.55	5423	5434
1514	CFH	complement factor H	FOR_HCV-3a(+)25	REV_HCV-3a(-)345	3.80E+03	52.94	86388	86396	4.81E+03	61.9	87083	87096
11631	KBTBD3	kelch repeat and BTB (POZ) domain containing 3	FOR_HCV-3a(+)25	REV_HCV-3a(-)394	9.61E+02	58.82	17297	17306	7.38E+03	47.37	18302	18310
2512	IL1RN	interleukin 1 receptor antagonist	FOR_HCV-3a(+)25	REV_HCV-3a(-)371	3.80E+03	52.94	2507	2515	1.52E+00	72.73	2882	2897
9616	FAM120AOS	family with sequence similarity 120A opposite strand	FOR_HCV-3a(+)25	REV_HCV-3a(-)345	3.80E+03	52.94	1769	1777	4.81E+03	47.62	3882	3891
5114	PELO	pelota homolog (Drosophila)	FOR_HCV-3a(+)25	REV_HCV-3a(-)345	3.80E+03	52.94	9394	9402	4.81E+03	47.62	11295	11304
8365	HYAL4	hyaluronoglucosaminidase 4	FOR_HCV-3a(+)25	REV_HCV-3a(-)345	3.80E+03	52.94	12803	12811	4.81E+03	61.9	14264	14277
13794	ARHGAP11B	Rho GTPase activating protein 11B	FOR_HCV-3a(+)25	REV_HCV-3a(-)371	3.80E+03	52.94	6402	6410	5.77E+03	45.45	7055	7064
2733	GORASP2	golgi reassembly stacking protein 2, 55kDa	FOR_HCV-3a(+)25	REV_HCV-3a(-)371	3.80E+03	52.94	24693	24701	5.77E+03	59.09	26143	26156
12546	CHPT1	choline phosphotransferase 1	FOR_HCV-3a(+)25	REV_HCV-3a(-)394	3.80E+03	52.94	23418	23426	1.78E+03	57.89	24075	24086
11320	GPR137	G protein-coupled receptor 137	FOR_HCV-3a(+)25	REV_HCV-3a(-)394	9.61E+02	58.82	2913	2922	7.38E+03	47.37	4119	4127
3535	IL17RB	interleukin 17 receptor B	FOR_HCV-3a(+)25	REV_HCV-3a(-)345	3.80E+03	52.94	3722	3730	1.22E+03	66.67	5274	5288
13666	DEGS2	delta(4)-desaturase, sphingolipid 2	FOR_HCV-3a(+)25	REV_HCV-3a(-)345	3.80E+03	52.94	7970	7978	4.81E+03	47.62	8914	8923
12818	MPHOSPH8	M-phase phosphoprotein 8	FOR_HCV-3a(+)25	REV_HCV-3a(-)371	9.61E+02	58.82	16050	16059	3.69E+02	54.55	17495	17506
10362	NODAL	nodal homolog (mouse)	FOR_HCV-3a(+)25	REV_HCV-3a(-)371	3.80E+03	52.94	6129	6137	5.77E+03	45.45	6934	6943
14881	SLC12A4	solute carrier family 12 (potassium/chloride transporters), member 4	FOR_HCV-3a(+)25	REV_HCV-3a(-)345	3.80E+03	52.94	14618	14626	4.81E+03	61.9	17178	17191
6226	TCF19/6	transcription factor 19	FOR_HCV-3a(+)25	REV_HCV-3a(-)371	3.80E+03	52.94	2341	2349	1.46E+03	50	4804	4814
6227	TCF19/3	transcription factor 19	FOR_HCV-3a(+)25	REV_HCV-3a(-)371	3.80E+03	52.94	1064	1072	1.46E+03	50	3527	3537
6225	DPCR1/2	diffuse panbronchiolitis critical region 1	FOR_HCV-3a(+)25	REV_HCV-3a(-)371	3.80E+03	52.94	3805	3813	1.46E+03	50	6268	6278
7475	MOXD1	monooxygenase, DBH-like 1	FOR_HCV-3a(+)25	REV_HCV-3a(-)371	3.80E+03	52.94	81758	81766	5.77E+03	59.09	83197	83210
7476	STX7	syntaxin 7	FOR_HCV-3a(+)25	REV_HCV-3a(-)371	3.80E+03	52.94	50466	50474	5.77E+03	59.09	52006	52019
4843	MAP9	microtubule-associated protein 9	FOR_HCV-3a(+)25	REV_HCV-3a(-)345	3.80E+03	70.59	8648	8660	1.97E+01	66.67	9441	9454
18548	CABP7	calcium binding protein 7	FOR_HCV-3a(+)25	REV_HCV-3a(-)394	3.80E+03	52.94	3039	3047	7.38E+03	47.37	5419	5427
6070	HLA-L/2	major histocompatibility complex, class I, L (pseudogene)	FOR_HCV-3a(+)25	REV_HCV-3a(-)345	3.80E+03	52.94	4180	4188	4.81E+03	47.62	6999	7008
11171	TRIM48	tripartite motif containing 48	FOR_HCV-3a(+)25	REV_HCV-3a(-)345	3.80E+03	52.94	2244	2252	4.81E+03	47.62	2908	2917
18543	AP1B1	adaptor-related protein complex 1, beta 1 subunit	FOR_HCV-3a(+)25	REV_HCV-3a(-)345	3.80E+03	52.94	52474	52482	1.22E+03	66.67	53560	53574
4799	LOC100505525		FOR_HCV-3a(+)25	REV_HCV-3a(-)371	3.80E+03	52.94	2319	2327	5.77E+03	45.45	4559	4568
9045	CCNE2	cyclin E2	FOR_HCV-3a(+)25	REV_HCV-3a(-)345	3.80E+03	52.94	11210	11218	4.81E+03	47.62	11799	11808
1609	SLC45A3	solute carrier family 45, member 3	FOR_HCV-3a(+)25	REV_HCV-3a(-)345	3.80E+03	52.94	6299	6307	4.81E+03	47.62	7478	7487
13138	LOC100506063	uncharacterized LOC100506063	FOR_HCV-3a(+)7	REV_HCV-3a(-)345	2.88E+03	52.63	58518	58527	3.08E+02	71.43	60811	60826
18432	ARVCF	armadillo repeat gene deleted in velocardiofacial syndrome	FOR_HCV-3a(+)25	REV_HCV-3a(-)371	3.80E+03	52.94	31503	31511	5.77E+03	59.09	34036	34049
13272	COCH	coagulation factor C homolog, cochlin (Limulus polyphemus)	FOR_HCV-3a(+)25	REV_HCV-3a(-)394	3.80E+03	52.94	2724	2732	7.38E+03	47.37	4913	4921
3989	SHOX2	short stature homeobox 2	FOR_HCV-3a(+)7	REV_HCV-3a(-)371	2.88E+03	52.63	88	97	5.77E+03	45.45	415	424
19001	TIMP1	TIMP metallopeptidase inhibitor 1	FOR_HCV-3a(+)25	REV_HCV-3a(-)345	3.80E+03	52.94	1121	1129	4.81E+03	47.62	1384	1393
18311	LINC00111	long intergenic non-protein coding RNA 111	FOR_HCV-3a(+)25	REV_HCV-3a(-)394	3.80E+03	52.94	6981	6989	1.78E+03	57.89	8797	8808
14345	PCSK6	proprotein convertase subtilisin/kexin type 6	FOR_HCV-3a(+)25	REV_HCV-3a(-)371	3.80E+03	88.24	19223	19239	5.77E+03	59.09	22038	22051
18645	ANKRD54	ankyrin repeat domain 54	FOR_HCV-3a(+)25	REV_HCV-3a(-)394	3.80E+03	52.94	10312	10320	4.28E+02	57.89	13169	13179
18643	TRIOBP	TRIO and F-actin binding protein	FOR_HCV-3a(+)25	REV_HCV-3a(-)345	9.61E+02	58.82	52141	52150	4.81E+03	61.9	53751	53764
15608	LOC100507656	uncharacterized LOC100507656	FOR_HCV-3a(+)25	REV_HCV-3a(-)371	9.61E+02	58.82	1052	1061	5.77E+03	45.45	2376	2385
760	IFI44L	interferon-induced protein 44-like	FOR_HCV-3a(+)25	REV_HCV-3a(-)371	9.61E+02	58.82	13006	13015	5.77E+03	45.45	13492	13501
767	DNASE2B	deoxyribonuclease II beta	FOR_HCV-3a(+)25	REV_HCV-3a(-)345	3.80E+03	52.94	3072	3080	4.81E+03	47.62	4716	4725
16761	CD97	CD97 molecule	FOR_HCV-3a(+)25	REV_HCV-3a(-)394	3.80E+03	52.94	21065	21073	4.28E+02	57.89	23234	23244
11780	LOC100128242	uncharacterized LOC100128242	FOR_HCV-3a(+)25	REV_HCV-3a(-)371	3.80E+03	52.94	1982	1990	5.77E+03	45.45	4438	4447
6877	GPX6/1	glutathione peroxidase 6 (olfactory)	FOR_HCV-3a(+)25	REV_HCV-3a(-)394	3.80E+03	52.94	4508	4516	7.38E+03	47.37	7501	7509
16563	RANBP3	RAN binding protein 3	FOR_HCV-3a(+)25	REV_HCV-3a(-)394	3.80E+03	52.94	51657	51665	4.28E+02	57.89	53003	53013
10188	LYZL2	lysozyme-like 2	FOR_HCV-3a(+)25	REV_HCV-3a(-)371	3.80E+03	52.94	7697	7705	5.77E+03	45.45	9048	9057
10817	IFITM3	interferon induced transmembrane protein 3	FOR_HCV-3a(+)25	REV_HCV-3a(-)345	3.80E+03	52.94	513	521	4.81E+03	47.62	686	695
18384	S100B	S100 calcium binding protein B	FOR_HCV-3a(+)25	REV_HCV-3a(-)371	3.80E+03	52.94	3771	3779	5.77E+03	45.45	6340	6349
8220	C7orf61	chromosome 7 open reading frame 61	FOR_HCV-3a(+)25	REV_HCV-3a(-)345	3.80E+03	52.94	6270	6278	4.81E+03	47.62	6960	6969
678	HSD52	uncharacterized LOC729467	FOR_HCV-3a(+)25	REV_HCV-3a(-)371	3.80E+03	52.94	7158	7166	5.77E+03	45.45	8590	8599
14136	CYP11A1	cytochrome P450, family 11, subfamily A, polypeptide 1	FOR_HCV-3a(+)25	REV_HCV-3a(-)345	3.80E+03	52.94	582	590	4.81E+03	47.62	2423	2432
3132	MTERFD2	MTERF domain containing 2	FOR_HCV-3a(+)25	REV_HCV-3a(-)345	3.80E+03	52.94	10490	10498	4.81E+03	47.62	11277	11286
14580	PDILT	protein disulfide isomerase-like, testis expressed	FOR_HCV-3a(+)25	REV_HCV-3a(-)394	2.43E+02	64.71	31230	31240	4.28E+02	57.89	32993	33003
15698	LRRC37A	leucine rich repeat containing 37A	FOR_HCV-3a(+)25	REV_HCV-3a(-)371	3.80E+03	52.94	28674	28682	9.35E+01	59.09	31139	31151
4649	LAMTOR3	late endosomal/lysosomal adaptor, MAPK and MTOR activator 3	FOR_HCV-3a(+)25	REV_HCV-3a(-)394	9.61E+02	58.82	6401	6410	7.38E+03	47.37	8070	8078
59	ARHGEF16	Rho guanine nucleotide exchange factor (GEF) 16	FOR_HCV-3a(+)25	REV_HCV-3a(-)394	3.80E+03	52.94	3182	3190	7.38E+03	47.37	5179	5187
3034	TRIP12	thyroid hormone receptor interactor 12	FOR_HCV-3a(+)25	REV_HCV-3a(-)371	9.61E+02	58.82	111010	111019	9.35E+01	59.09	112247	112259
1558	PTPN7	protein tyrosine phosphatase, non-receptor type 7	FOR_HCV-3a(+)7	REV_HCV-3a(-)394	1.14E+04	47.37	13111	13119	7.38E+03	47.37	13498	13506
4646	MTTP	microsomal triglyceride transfer protein	FOR_HCV-3a(+)25	REV_HCV-3a(-)345	3.80E+03	52.94	22258	22266	4.81E+03	47.62	24533	24542
4645	RG9MTD2	tRNA methyltransferase 10 homolog A (S. cerevisiae)	FOR_HCV-3a(+)25	REV_HCV-3a(-)371	3.80E+03	52.94	13997	14005	5.77E+03	45.45	15644	15653
11475	ATG16L2	autophagy related 16-like 2 (S. cerevisiae)	FOR_HCV-3a(+)7	REV_HCV-3a(-)394	2.88E+03	52.63	585	594	7.38E+03	47.37	2598	2606
1323	MPZ	myelin protein zero	FOR_HCV-3a(+)25	REV_HCV-3a(-)371	3.80E+03	52.94	2637	2645	5.77E+03	45.45	2803	2812
12955	TSC22D1	TSC22 domain family, member 1	FOR_HCV-3a(+)25	REV_HCV-3a(-)371	3.80E+03	70.59	110299	110311	5.77E+03	59.09	112508	112521
2770	LOC100130691	uncharacterized LOC100130691	FOR_HCV-3a(+)25	REV_HCV-3a(-)345	3.80E+03	52.94	47641	47649	3.08E+02	57.14	48405	48416
1329	FCGR2C	Fc fragment of IgG, low affinity IIc, receptor for (CD32) (gene/pseudogene)	FOR_HCV-3a(+)25	REV_HCV-3a(-)371	3.80E+03	52.94	3467	3475	1.46E+03	50	3514	3524
7310	FHL5	four and a half LIM domains 5	FOR_HCV-3a(+)25	REV_HCV-3a(-)345	3.80E+03	52.94	30204	30212	1.22E+03	52.38	32533	32543
5605	RPS14	ribosomal protein S14	FOR_HCV-3a(+)7	REV_HCV-3a(-)345	1.14E+04	47.37	720	728	4.81E+03	47.62	2496	2505
15437	RNF135	ring finger protein 135	FOR_HCV-3a(+)25	REV_HCV-3a(-)345	3.80E+03	52.94	24225	24233	3.08E+02	57.14	26708	26719
16411	SHC2	SHC (Src homology 2 domain containing) transforming protein 2	FOR_HCV-3a(+)25	REV_HCV-3a(-)394	3.80E+03	52.94	29226	29234	1.78E+03	57.89	30187	30198
8687	FGL1	fibrinogen-like 1	FOR_HCV-3a(+)7	REV_HCV-3a(-)371	1.14E+04	47.37	25145	25153	5.77E+03	45.45	27553	27562
15431	GOSR1	golgi SNAP receptor complex member 1	FOR_HCV-3a(+)25	REV_HCV-3a(-)371	9.61E+02	58.82	4496	4505	3.69E+02	54.55	6311	6322
12429	THAP2	THAP domain containing, apoptosis associated protein 2	FOR_HCV-3a(+)25	REV_HCV-3a(-)345	3.80E+03	52.94	7097	7105	4.81E+03	47.62	8026	8035
12853	CENPJ	centromere protein J	FOR_HCV-3a(+)25	REV_HCV-3a(-)394	3.80E+03	52.94	38589	38597	7.38E+03	84.21	40200	40218
17147	AXL	AXL receptor tyrosine kinase	FOR_HCV-3a(+)25	REV_HCV-3a(-)371	3.80E+03	52.94	23991	23999	9.35E+01	59.09	25029	25041
6909	MRPS18B/1	mitochondrial ribosomal protein S18B	FOR_HCV-3a(+)25	REV_HCV-3a(-)394	3.80E+03	52.94	4010	4018	7.38E+03	47.37	5964	5972
16784	PGLYRP2	peptidoglycan recognition protein 2	FOR_HCV-3a(+)25	REV_HCV-3a(-)371	3.80E+03	52.94	3720	3728	1.46E+03	50	4997	5007
8979	PKIA	protein kinase (cAMP-dependent, catalytic) inhibitor alpha	FOR_HCV-3a(+)25	REV_HCV-3a(-)371	9.61E+02	58.82	73823	73832	5.77E+03	59.09	75626	75639
5564	YIPF5	Yip1 domain family, member 5	FOR_HCV-3a(+)25	REV_HCV-3a(-)371	3.80E+03	52.94	1444	1452	5.77E+03	59.09	4135	4148
16867	COMP	cartilage oligomeric matrix protein	FOR_HCV-3a(+)25	REV_HCV-3a(-)345	3.80E+03	52.94	4576	4584	4.81E+03	47.62	6204	6213
9549	TLE1	transducin-like enhancer of split 1 (E(sp1) homolog, Drosophila)	FOR_HCV-3a(+)25	REV_HCV-3a(-)345	9.61E+02	58.82	45401	45410	1.22E+03	66.67	46569	46583
910	PSMA5	proteasome (prosome, macropain) subunit, alpha type, 5	FOR_HCV-3a(+)25	REV_HCV-3a(-)345	3.80E+03	52.94	6645	6653	1.22E+03	52.38	9233	9243
9541	PRUNE2	prune homolog 2 (Drosophila)	FOR_HCV-3a(+)25	REV_HCV-3a(-)345	9.61E+02	58.82	100736	100745	1.22E+03	66.67	102046	102060
9085	UBR5	ubiquitin protein ligase E3 component n-recognin 5	FOR_HCV-3a(+)25	REV_HCV-3a(-)345	9.61E+02	58.82	135209	135218	4.81E+03	61.9	136489	136502
19444	PASD1	PAS domain containing 1	FOR_HCV-3a(+)25	REV_HCV-3a(-)394	3.80E+03	52.94	107648	107656	1.78E+03	57.89	108157	108168
17731	LOC149837	long intergenic non-protein coding RNA 654	FOR_HCV-3a(+)25	REV_HCV-3a(-)345	3.80E+03	52.94	303	311	4.81E+03	47.62	3044	3053
10429	LOC219347	uncharacterized LOC219347	FOR_HCV-3a(+)25	REV_HCV-3a(-)371	3.80E+03	52.94	9103	9111	3.69E+02	54.55	10975	10986
10034	C10orf108	chromosome 10 open reading frame 108	FOR_HCV-3a(+)25	REV_HCV-3a(-)371	9.61E+02	58.82	854	863	5.77E+03	45.45	1904	1913
5127	SKIV2L2	superkiller viralicidic activity 2-like 2 (S. cerevisiae)	FOR_HCV-3a(+)25	REV_HCV-3a(-)345	3.80E+03	52.94	87433	87441	7.79E+01	61.9	89291	89303
5121	ESM1	endothelial cell-specific molecule 1	FOR_HCV-3a(+)25	REV_HCV-3a(-)345	9.61E+02	76.47	1336	1349	1.22E+03	52.38	3929	3939
4119	RFC4	replication factor C (activator 1) 4, 37kDa	FOR_HCV-3a(+)25	REV_HCV-3a(-)394	3.80E+03	52.94	14065	14073	7.38E+03	47.37	16052	16060
5089	C5orf51	chromosome 5 open reading frame 51	FOR_HCV-3a(+)25	REV_HCV-3a(-)371	9.61E+02	58.82	4232	4241	5.77E+03	45.45	7102	7111
7277	SYNCRIP	synaptotagmin binding, cytoplasmic RNA interacting protein	FOR_HCV-3a(+)25	REV_HCV-3a(-)345	9.61E+02	58.82	21678	21687	4.81E+03	61.9	23889	23902
15234	SHBG	sex hormone-binding globulin	FOR_HCV-3a(+)25	REV_HCV-3a(-)394	3.80E+03	52.94	1880	1888	1.78E+03	57.89	4689	4700
16648	RDH8	retinol dehydrogenase 8 (all-trans)	FOR_HCV-3a(+)25	REV_HCV-3a(-)394	9.61E+02	58.82	6666	6675	4.28E+02	57.89	8173	8183
14222	UBE2Q2P2	ubiquitin-conjugating enzyme E2Q family member 2 pseudogene 2	FOR_HCV-3a(+)25	REV_HCV-3a(-)394	3.80E+03	52.94	16370	16378	1.78E+03	57.89	19224	19235
15721	LRRC46	leucine rich repeat containing 46	FOR_HCV-3a(+)25	REV_HCV-3a(-)394	3.80E+03	52.94	2274	2282	7.38E+03	52.63	3362	3372
19349	UTP14A	UTP14, U3 small nucleolar ribonucleoprotein, homolog A (yeast)	FOR_HCV-3a(+)25	REV_HCV-3a(-)394	3.80E+03	52.94	13843	13851	7.38E+03	47.37	16802	16810
9199	TRAPPC9	trafficking protein particle complex 9	FOR_HCV-3a(+)25	REV_HCV-3a(-)371	3.80E+03	70.59	282931	282943	9.35E+01	59.09	283356	283368
10251	GPRIN2	G protein regulated inducer of neurite outgrowth 2	FOR_HCV-3a(+)25	REV_HCV-3a(-)394	3.80E+03	52.94	5631	5639	7.38E+03	47.37	6850	6858
18595	C22orf28	chromosome 22 open reading frame 28	FOR_HCV-3a(+)25	REV_HCV-3a(-)345	3.80E+03	52.94	10974	10982	4.81E+03	47.62	13829	13838
5235	ARSB	arylsulfatase B	FOR_HCV-3a(+)25	REV_HCV-3a(-)371	9.61E+02	58.82	20393	20402	9.35E+01	59.09	20675	20687
13049	UCHL3	ubiquitin carboxyl-terminal esterase L3 (ubiquitin thiolesterase)	FOR_HCV-3a(+)25	REV_HCV-3a(-)394	9.61E+02	58.82	50964	50973	7.38E+03	68.42	53629	53643
13048	COMMD6	COMM domain containing 6	FOR_HCV-3a(+)25	REV_HCV-3a(-)394	3.80E+03	52.94	8128	8136	7.38E+03	47.37	9928	9936
18917	SH3KBP1	SH3-domain kinase binding protein 1	FOR_HCV-3a(+)25	REV_HCV-3a(-)345	9.61E+02	58.82	343114	343123	4.81E+03	61.9	345914	345927
13824	GOLGA8A	golgin A8 family, member A	FOR_HCV-3a(+)25	REV_HCV-3a(-)345	3.80E+03	52.94	53831	53839	3.08E+02	57.14	56655	56666
13128	LINC00346	long intergenic non-protein coding RNA 346	FOR_HCV-3a(+)25	REV_HCV-3a(-)394	3.80E+03	52.94	4451	4459	1.78E+03	52.63	4975	4984
750	ZZZ3	zinc finger, ZZ-type containing 3	FOR_HCV-3a(+)25	REV_HCV-3a(-)345	3.80E+03	52.94	117162	117170	4.81E+03	61.9	117464	117477
566	UROD	uroporphyrinogen decarboxylase	FOR_HCV-3a(+)25	REV_HCV-3a(-)394	3.80E+03	52.94	297	305	7.38E+03	47.37	2475	2483
18328	NDUFV3	NADH dehydrogenase (ubiquinone) flavoprotein 3, 10kDa	FOR_HCV-3a(+)7	REV_HCV-3a(-)394	1.14E+04	47.37	7221	7229	7.38E+03	47.37	7500	7508
17811	FLJ33581	uncharacterized LOC400839	FOR_HCV-3a(+)25	REV_HCV-3a(-)345	3.80E+03	52.94	22933	22941	1.22E+03	52.38	23912	23922
15650	MPP3	membrane protein, palmitoylated 3 (MAGUK p55 subfamily member 3)	FOR_HCV-3a(+)25	REV_HCV-3a(-)345	3.80E+03	52.94	18322	18330	4.81E+03	47.62	20895	20904
3372	ZNF167	zinc finger protein 167	FOR_HCV-3a(+)25	REV_HCV-3a(-)345	9.61E+02	58.82	4061	4070	4.81E+03	61.9	6928	6941
6112	LOC100129772/3	thymopoietin pseudogene 1	FOR_HCV-3a(+)25	REV_HCV-3a(-)345	3.80E+03	52.94	1220	1228	4.81E+03	47.62	1405	1414
1744	LOC100130093	uncharacterized LOC100130093	FOR_HCV-3a(+)25	REV_HCV-3a(-)371	3.80E+03	52.94	4169	4177	5.77E+03	45.45	4912	4921
1745	JMJD4	jumonji domain containing 4	FOR_HCV-3a(+)25	REV_HCV-3a(-)371	3.80E+03	52.94	1519	1527	5.77E+03	45.45	2262	2271
1747	PRSS38	protease, serine, 38	FOR_HCV-3a(+)25	REV_HCV-3a(-)345	3.80E+03	52.94	23204	23212	3.08E+02	57.14	24015	24026
1166	NPR1	natriuretic peptide receptor A/guanylate cyclase A (atrionatriuretic peptide receptor A)	FOR_HCV-3a(+)25	REV_HCV-3a(-)371	3.80E+03	52.94	2588	2596	5.77E+03	45.45	3020	3029
7935	YKT6	YKT6 v-SNARE homolog (S. cerevisiae)	FOR_HCV-3a(+)25	REV_HCV-3a(-)394	3.80E+03	52.94	10050	10058	7.38E+03	47.37	11175	11183
1213	RUSC1	RUN and SH3 domain containing 1	FOR_HCV-3a(+)7	REV_HCV-3a(-)371	1.14E+04	47.37	9255	9263	5.77E+03	45.45	9786	9795
17109	SELV	selenoprotein V	FOR_HCV-3a(+)25	REV_HCV-3a(-)371	3.80E+03	52.94	2617	2625	1.46E+03	50	5323	5333
8072	SPDYE5	speedy homolog E5 (Xenopus laevis)	FOR_HCV-3a(+)7	REV_HCV-3a(-)371	1.14E+04	47.37	1879	1887	5.77E+03	59.09	2296	2309
9103	ABRA	actin-binding Rho activating protein	FOR_HCV-3a(+)25	REV_HCV-3a(-)371	3.80E+03	52.94	3268	3276	2.37E+01	63.64	5214	5227
3736	TIMMDC1	translocase of inner mitochondrial membrane domain containing 1	FOR_HCV-3a(+)25	REV_HCV-3a(-)345	3.80E+03	52.94	12732	12740	4.81E+03	47.62	14210	14219
18131	LINC00029	long intergenic non-protein coding RNA 29	FOR_HCV-3a(+)25	REV_HCV-3a(-)345	9.61E+02	58.82	1432	1441	4.81E+03	47.62	2472	2481
15474	SLFN12L	schlafen family member 12-like	FOR_HCV-3a(+)25	REV_HCV-3a(-)345	3.80E+03	52.94	5057	5065	4.81E+03	47.62	7979	7988
8270	FBXL13	F-box and leucine-rich repeat protein 13	FOR_HCV-3a(+)25	REV_HCV-3a(-)371	9.61E+02	58.82	215271	215280	5.77E+03	59.09	216150	216163
14411	SEPX1	methionine sulfoxide reductase B1	FOR_HCV-3a(+)25	REV_HCV-3a(-)394	3.80E+03	52.94	1851	1859	7.38E+03	47.37	2650	2658
13910	CATSPER2	cation channel, sperm associated 2	FOR_HCV-3a(+)25	REV_HCV-3a(-)394	3.80E+03	52.94	6535	6543	1.78E+03	52.63	8627	8636
13588	PSMC1	proteasome (prosome, macropain) 26S subunit, ATPase, 1	FOR_HCV-3a(+)25	REV_HCV-3a(-)371	3.80E+03	52.94	5398	5406	3.69E+02	54.55	6284	6295
13589	C14orf102	chromosome 14 open reading frame 102	FOR_HCV-3a(+)25	REV_HCV-3a(-)371	3.80E+03	52.94	23239	23247	5.77E+03	45.45	24615	24624
17211	IRGC	immunity-related GTPase family, cinema	FOR_HCV-3a(+)25	REV_HCV-3a(-)371	3.80E+03	52.94	512	520	1.46E+03	50	2539	2549
11721	AMICA1	adhesion molecule, interacts with CXADR antigen 1	FOR_HCV-3a(+)25	REV_HCV-3a(-)371	3.80E+03	52.94	26716	26724	1.46E+03	50	28511	28521
1292	CASQ1	calsequestrin 1 (fast-twitch, skeletal muscle)	FOR_HCV-3a(+)25	REV_HCV-3a(-)394	3.80E+03	52.94	6631	6639	7.38E+03	47.37	9528	9536
18204	LOC100289065		FOR_HCV-3a(+)25	REV_HCV-3a(-)371	3.80E+03	52.94	4910	4918	1.46E+03	50	7352	7362
9603	OGN	osteoglycin	FOR_HCV-3a(+)25	REV_HCV-3a(-)371	3.80E+03	52.94	3181	3189	1.46E+03	50	5539	5549
2724	KLHL23	kelch-like 23 (Drosophila)	FOR_HCV-3a(+)25	REV_HCV-3a(-)345	3.80E+03	52.94	8889	8897	1.22E+03	52.38	9086	9096
12256	KRT79	keratin 79	FOR_HCV-3a(+)25	REV_HCV-3a(-)394	9.61E+02	58.82	5293	5302	7.38E+03	47.37	6928	6936
17173	ZNF574	zinc finger protein 574	FOR_HCV-3a(+)25	REV_HCV-3a(-)345	9.61E+02	58.82	2543	2552	4.81E+03	47.62	3554	3563
7943	H2AFV	H2A histone family, member V	FOR_HCV-3a(+)25	REV_HCV-3a(-)345	9.61E+02	58.82	14396	14405	4.81E+03	47.62	17167	17176
10376	ASCC1	activating signal cointegrator 1 complex subunit 1	FOR_HCV-3a(+)25	REV_HCV-3a(-)345	3.80E+03	70.59	100294	100306	1.22E+03	66.67	100340	100354
480	INPP5B	inositol polyphosphate-5-phosphatase, 75kDa	FOR_HCV-3a(+)25	REV_HCV-3a(-)371	3.80E+03	52.94	64672	64680	3.69E+02	54.55	66412	66423
4399	YIPF7	Yip1 domain family, member 7	FOR_HCV-3a(+)25	REV_HCV-3a(-)371	3.80E+03	52.94	22076	22084	1.46E+03	50	23351	23361
3428	SHISA5	shisa homolog 5 (Xenopus laevis)	FOR_HCV-3a(+)25	REV_HCV-3a(-)371	3.80E+03	52.94	24741	24749	1.46E+03	63.64	27624	27638
3785	UMPS	uridine monophosphate synthetase	FOR_HCV-3a(+)25	REV_HCV-3a(-)371	3.80E+03	70.59	5337	5349	5.77E+03	45.45	6047	6056
5635	C5orf4	chromosome 5 open reading frame 4	FOR_HCV-3a(+)25	REV_HCV-3a(-)371	3.80E+03	52.94	23597	23605	9.35E+01	59.09	24510	24522
13273	LOC100506071	uncharacterized LOC100506071	FOR_HCV-3a(+)25	REV_HCV-3a(-)394	3.80E+03	52.94	1080	1088	7.38E+03	47.37	3269	3277
8997	SNX16	sorting nexin 16	FOR_HCV-3a(+)25	REV_HCV-3a(-)345	3.80E+03	52.94	32629	32637	4.81E+03	61.9	35492	35505
7582	C6orf211	chromosome 6 open reading frame 211	FOR_HCV-3a(+)25	REV_HCV-3a(-)371	9.61E+02	58.82	7280	7289	5.77E+03	59.09	9385	9398
6522	LOC100507547/6	uncharacterized LOC100507547	FOR_HCV-3a(+)25	REV_HCV-3a(-)371	3.80E+03	52.94	1272	1280	5.77E+03	45.45	1286	1295
1362	POGK	pogo transposable element with KRAB domain	FOR_HCV-3a(+)25	REV_HCV-3a(-)345	2.43E+02	64.71	7520	7530	4.81E+03	47.62	8463	8472
6332	PRRC2A/7	proline-rich coiled-coil 2A	FOR_HCV-3a(+)25	REV_HCV-3a(-)371	3.80E+03	52.94	10123	10131	5.77E+03	45.45	12149	12158
6525	PPT2-EGFL8/6	PPT2-EGFL8 readthrough	FOR_HCV-3a(+)25	REV_HCV-3a(-)371	3.80E+03	52.94	75	83	5.77E+03	45.45	207	216
2009	KHK	ketohexokinase (fructokinase)	FOR_HCV-3a(+)25	REV_HCV-3a(-)345	3.80E+03	52.94	8260	8268	4.81E+03	47.62	9449	9458
6338	CSNK2B/6	casein kinase 2, beta polypeptide	FOR_HCV-3a(+)25	REV_HCV-3a(-)371	3.80E+03	52.94	2076	2084	5.77E+03	45.45	4102	4111
